{"IcoMoonType":"selection","icons":[{"icon":{"width":1024,"paths":["M384 736c0-151.234 95.874-280.486 230.032-330.2 16.28-36.538 25.968-77.164 25.968-117.8 0-159.058 0-288-192-288s-192 128.942-192 288c0 99.060 57.502 198.104 128 237.832v52.78c-217.102 17.748-384 124.42-384 253.388h397.306c-8.664-30.53-13.306-62.732-13.306-96z","M736 448c-159.058 0-288 128.942-288 288s128.942 288 288 288c159.056 0 288-128.942 288-288s-128.942-288-288-288zM896 768h-128v128h-64v-128h-128v-64h128v-128h64v128h128v64z"],"tags":["user-plus","user","user-add","profile","avatar","person","member"],"defaultCode":59763,"grid":16,"attrs":[]},"attrs":[],"properties":{"ligatures":"user-plus, user2","name":"user-plus","order":4,"id":116,"prevSize":32,"code":59763},"setIdx":0,"setId":1,"iconIdx":115},{"icon":{"width":1024,"paths":["M960 608l-288 288-96-96-64 64 160 160 352-352z","M448 768h320v-115.128c-67.22-39.2-156.308-66.11-256-74.26v-52.78c70.498-39.728 128-138.772 128-237.832 0-159.058 0-288-192-288s-192 128.942-192 288c0 99.060 57.502 198.104 128 237.832v52.78c-217.102 17.748-384 124.42-384 253.388h448v-64z"],"tags":["user-check","user","user-tick","profile","avatar","person","member"],"defaultCode":59765,"grid":16,"attrs":[]},"attrs":[],"properties":{"ligatures":"user-check, user4","name":"user-check","order":5,"id":118,"prevSize":32,"code":59765},"setIdx":0,"setId":1,"iconIdx":117},{"icon":{"paths":["M64 192h896v192h-896zM64 448h896v192h-896zM64 704h896v192h-896z"],"tags":["menu","list","options","lines","hamburger"],"defaultCode":59837,"grid":16,"attrs":[]},"attrs":[],"properties":{"ligatures":"menu, list3","name":"menu","order":3,"id":190,"prevSize":32,"code":59837},"setIdx":0,"setId":1,"iconIdx":189}],"height":1024,"metadata":{"name":"icomoon"},"preferences":{"showGlyphs":true,"showQuickUse":true,"showQuickUse2":true,"showSVGs":true,"fontPref":{"prefix":"icon-","metadata":{"fontFamily":"icomoon"},"metrics":{"emSize":1024,"baseline":6.25,"whitespace":50},"embed":false},"imagePref":{"prefix":"icon-","png":true,"useClassSelector":true,"color":0,"bgColor":16777215,"classSelector":".icon"},"historySize":50,"showCodes":true,"gridSize":16}}